Start (s),End (s),Text
0,2.42,"On a stormy midnight, Detective Miranda Blake"
2.42,4.7,found a sealed envelope on her doorstep.
5.06,7.56,"Its wax imprint bore an unfamiliar crest,"
7.64,9.58,"and the note inside whispered,"
9.66,11.9,uncover the truth behind Shadow's past.
12.72,14.1,A mystery had just begun.
14.62,17.72,"By dawn, curiosity drove Miranda to study the note"
17.72,18.96,beneath a flickering lamp.
19.46,22.02,"Each word resonated with secrets and warnings,"
22.28,24.58,as if daring her to confront buried memories
24.58,26.38,and long forgotten treachery.
26.48,28.5,The note mentioned an abandoned manor
28.5,29.82,on the outskirts of town.
30.56,33.66,"Arriving there, Miranda found ivy choked walls"
33.66,36.54,and silent corridors that seemed to murmur of secrets
36.54,37.82,too dangerous to forget.
38.38,41.24,"In the grand foyer, dust danced in the morning light."
41.7,44.76,"A crooked portrait of a stern man watched over the space,"
45.08,48.18,his eyes hinting at untold stories of passion and betrayal
48.18,50.54,hidden behind his painted smile.
51,52.98,A creaking staircase beckoned upward.
53.36,55.04,"Each step echoed like a heartbeat,"
55.4,57.66,as if the manor itself pulsed with memories
57.66,60.34,"of clandestine meetings and lost promises,"
60.6,63.32,inviting Miranda to discover its hidden truths.
64.12,66.8,"In a forgotten study, stacks of yellowed letters"
66.8,68.76,lay scattered on an ancient desk.
69.28,71.52,Elegant handwriting detailed midnight rendezvous
71.52,73.7,"and secret pacts, hinting at a betrayal"
73.7,75.88,that had once rocked the manor's foundation.
76.78,79.62,A delicate music box rested in a shadowed corner.
80.36,82.78,"When opened, it played a haunting melody"
82.78,84.38,"that stirred Miranda's soul,"
84.88,86.6,a tune that bridged past and present
86.6,87.98,with each trembling note.
88.48,90.92,"Outside, the wind howled through broken windows,"
91.2,93.56,carrying murmurs of voices long silenced.
94,96.32,"Miranda paused, wondering if the manor itself"
96.32,98.58,"was trying to speak, revealing secrets"
98.58,100.72,locked away in its crumbling walls.
101.32,103.8,"In a dusty library, rows of brittle diaries"
103.8,105.6,and ancient tomes beckoned her.
105.98,108.54,"One ledger, filled with cryptic entries,"
108.9,111.26,recounted secret meetings and whispered alliances
111.26,113.16,that hinted at a hidden society.
114,116.5,The name Edmund Blackwell emerged repeatedly.
117.24,119.72,His presence seemed woven into the manor's fabric.
120.38,122.36,"Each mention, like a ghost in the records,"
122.76,125.78,urged Miranda to probe deeper into his mysterious legacy.
126.26,127.88,"In the manor's neglected garden,"
128.22,131.24,tangled vines concealed a stone statue resembling Edmund.
131.9,134.56,"Its posture pointed toward an overgrown path,"
134.96,136.48,as though urging Miranda to follow
136.48,138.26,a trail of obscured history.
139.06,140.44,"Venturing along the hidden path,"
140.44,144.1,Miranda discovered a narrow passage beneath twisted roots.
144.46,147.44,"Dim light revealed ancient symbols etched into stone,"
147.72,150.72,each mark a silent clue to a past shrouded in enigma.
151.1,153.66,"Deep in the passage, she uncovered a secret chamber"
153.66,156.1,"filled with relics, faded photographs,"
156.4,159.22,"an ornate pocket watch, and a diary with a lock"
159.22,160.54,that had never known a key.
161.24,163.54,History pressed in from all sides.
163.9,167.18,The diary's fragile pages told of forbidden love and betrayal.
167.84,169.68,"Edmund's words, heavy with regret,"
169.68,172.28,painted a portrait of a man coerced into acts
172.28,175.84,"he never desired, a pawn in a game of power and manipulation."
176.62,179.34,"As twilight fell, Miranda retraced her steps"
179.34,180.64,through echoing corridors.
181.28,183.08,The manor seemed alive with memories.
183.44,185.86,Each creek and shadow whispered fragments
185.86,187.98,of a tragedy that spanned generations.
188.72,191.8,"In the grand dining hall, a long forgotten banquet table"
191.8,195.2,stood set with chipped porcelain and tarnished silverware.
195.68,198.04,The remnants of a once vibrant celebration
198.04,201.46,hinted at an evening that ended in unspeakable sorrow.
201.96,205.16,"Suddenly, a sharp crash echoed from a side wing."
205.7,208.08,"Racing toward the sound, Miranda discovered"
208.08,210.24,"a shattered mirror, its scattered shards"
210.24,213.32,reflecting a distorted image of the manor's grim secrets.
213.72,215.42,One shard captured the reflection
215.42,218.34,of a mysterious figure in vintage attire.
218.62,221.34,Was it Edmund or another specter of the past?
222.18,223.98,The fragments' jagged lines suggested
223.98,226.6,that appearances were as fragmented as the truth.
226.6,229.84,"Determined to understand, Miranda gathered every clue."
230.22,232.34,"The note, the music box, the diary,"
232.56,233.78,and now the mirror fragment.
234.4,236.28,Each piece was a thread in a tapestry
236.28,238.04,of deception and dark alliances.
238.8,241.06,"That night, in a cramped study of the manor,"
241.36,243.24,Miranda laid out the relics like a puzzle.
243.94,246.42,The connections among them began to form a picture
246.42,248.16,"of betrayal and conspiracy,"
248.42,250.58,hinting at a secret society's influence.
251.44,253,An old newspaper clipping mentioned
253,256.36,a lavish masquerade ball hosted in the manor years ago.
256.9,259.86,Rumors swirled of a scandal involving Edmund Blackwell
259.86,262.06,and a mysterious guest whose identity
262.06,263.32,had long been concealed.
264.54,267.12,"Seeking more answers, Miranda sought out"
267.12,269.3,"the manor's caretaker, Mr. Hargrove."
269.7,272.02,His weathered face and guarded tone suggested
272.02,274.54,he held the key to tales of scandal and loss
274.54,275.74,whispered through the halls.
276.68,280.24,Mr. Hargrove revealed that Edmund had once been accused
280.24,282.72,of orchestrating a cruel deception at the ball.
283.12,284.96,A guest had vanished without trace
284.96,288.06,"and suspicion fell on him, though some whispered"
288.06,290.46,of forces far darker than simple betrayal.
291.66,293.62,The old man spoke of a hidden safe
293.62,295.42,behind a portrait in the drawing room.
296.02,298.68,"Intrigued, Miranda navigated winding hallways"
298.68,301.22,until she found the faded portrait of a noblewoman
301.22,304.18,with eyes that seemed to pierce the veil of time.
304.88,307.74,"With a cautious tug, the portrait shifted,"
307.74,309.64,revealing a recessed safe.
310.18,313.32,"Inside lay documents, letters, and a hand-drawn map,"
313.68,315.88,a guide that hinted at the location of secrets
315.88,318.5,capable of shattering long-held illusions.
319.68,321.88,The map led Miranda to a secluded chapel
321.88,323.12,at the manor's edge.
323.8,325.8,Weathered stone steps bore silent witness
325.8,327.82,to generations of clandestine meetings
327.82,329.14,"and whispered confessions,"
329.54,331.4,promising more answers beyond its door.
331.92,333.88,"Inside the chapel, candlelight danced"
333.88,335.4,across stained glass windows.
335.4,337.7,"In a hidden alcove behind the altar,"
338.16,339.96,a series of symbols matched those etched
339.96,341.02,"in the secret passage,"
341.34,343.4,deepening the mystery of forbidden rituals.
344.08,346.98,"Each symbol resonated with notes from Edmund's diary,"
347.2,349.4,as if the chapel itself echoed the past.
349.76,350.74,Miranda felt a chill.
351.26,353.04,"Each mark, each faded inscription,"
353.3,356.54,was a piece of a puzzle meant to reveal a hidden truth.
356.98,361.12,"In the alcove, a small, intricately locked box awaited."
361.14,363.84,"Opening it, Miranda discovered a delicate necklace"
363.84,366.56,and a faded photograph of a smiling woman
366.56,370.28,whose eyes bore silent stories of love and loss.
370.78,373.06,"The necklace, a treasured family heirloom,"
373.28,376.18,was engraved with initials matching those in Edmund's diary.
376.84,378.62,It hinted at a forbidden romance
378.62,382.02,and a vow to protect a truth that could upend reputations
382.02,383.52,and ignite fresh scandal.
384.14,386.74,A creak from the chapel door startled Miranda.
387.16,390.02,"Peeking out, she saw a shadowed view vanish into a cord."
390.72,393.48,"The unexpected presence deepened the intrigue,"
393.48,396.68,leaving her to wonder if she was being watched or followed.
397.36,399.08,"Determined to confront the mystery,"
399.78,401.36,Miranda followed the elusive figure.
401.98,405.28,"In the dim corridor, fleeting glimpses of determination"
405.28,407.12,"and hidden sorrow emerged,"
407.66,410.26,challenging her assumptions about friend and foe alike.
410.84,413.14,"The pursuit led her to a narrow, winding passage"
413.14,414.02,beneath the chapel.
414.72,418.02,"In the oppressive darkness, the air grew cold and heavy,"
418.3,421.42,and every echo of her footsteps seemed to whisper warnings
421.42,423.82,of secrets best left undisturbed.
424.08,427.12,"In a subterranean chamber, the shadow finally halted."
427.3,429.26,The figure's voice emerged from the gloom.
429.62,431.76,"You're close to the truth, but be warned,"
432.12,434.98,some secrets once uncovered can never be buried again.
435.76,438.6,"The mysterious stranger introduced himself as Victor,"
439.2,440.78,a former confidant of Edmund.
441.46,444.02,"His words painted a tale of coercion and betrayal,"
444.46,447.2,a network of hidden alliances that had forced Edmund
447.2,448.84,into an impossible choice.
449.36,452.38,"Victor detailed clandestine meetings, cryptic codes,"
452.72,455.06,and a secret society that manipulated fate
455.06,456.36,from behind the scenes.
457.22,460,"Miranda listened, each revelation tightening the knots"
460,461.52,of suspicion around her mind.
462.44,465.76,"From within his worn coat, Victor produced a faded journal"
465.76,468.82,"brimming with names, dates, and enigmatic symbols."
469.14,471.28,"Its contents mirrored Edmund's diary,"
471.82,474.82,strengthening the case for a conspiracy rooted in treachery.
475.64,478.52,"The journal hinted at a hidden vault beneath the manor,"
478.52,480.98,where the secret society stored evidence
480.98,482.48,of their manipulations.
483.12,485.6,Miranda's pulse quickened at the thought of unmasking
485.6,488.08,those responsible for decades of deceit.
489.36,492.04,"Returning to the manor's main hall, Miranda retraced"
492.04,493.66,her steps with renewed resolve.
494.52,497.7,Every shadow in the corridor now seemed charged with meaning.
498.02,501.16,"Each creek of wood, a prelude to further revelations."
501.34,504.3,"In the manor's basement, behind a concealed panel,"
504.56,507.9,"Miranda discovered an iron door adorned with ancient symbols,"
507.9,510.6,matching those from the chapel and secret passage.
511.16,514.3,It promised access to buried truths and damning evidence.
514.86,517.36,"With careful persistence, she unlocked the door"
517.36,519.94,"to reveal a vault filled with ledgers,"
520.22,522.2,"photographs, and coded messages."
522.84,525.28,The contents painted a picture of powerful figures
525.28,528,weaving a web of manipulation and greed.
528.62,530.76,Among the documents was a letter from Edmund.
531.04,533.62,"In heartfelt prose, he detailed his inner torment"
533.62,536.46,and defiance against those who had exploited his trust.
537.1,540.46,His words exuded both remorse and a longing for redemption.
541.06,543.74,The letter implicated a respected local dignitary
543.74,547.32,whose public persona masked a history of corruption.
548.06,549.78,Miranda's mind raced with the implications.
550.34,552.9,A man of influence concealing the very secrets
552.9,554.86,that could topple established power.
555.78,559.46,"As the pieces converged, Miranda realized the dignitary's"
559.46,561.6,reach extended deep into the community.
562.16,564.82,His ties to the secret society threatened not only
564.82,567.42,"the manor's legacy, but also the very fabric"
567.42,568.66,of the town's social order.
569.46,571.8,"Unsure of whom to trust, Miranda contacted"
571.8,574.94,an investigative journalist renowned for exposing corruption.
575.72,578.32,Their tense meeting crackled with guarded words
578.32,581.6,"and silent threats, yet a mutual determination"
581.6,583.62,to unearth the truth prevailed.
584.1,586.9,"Together, they poured over every scrap of evidence."
587.46,590.92,"Ledgers, photographs, and coded messages intertwined"
590.92,593.6,"to form a narrative of clandestine power plays,"
593.6,596.28,a struggle for control that spanned decades
596.28,597.74,and endangered lives.
598.42,600.26,"As their investigation gained momentum,"
600.74,602.36,ominous warnings began to surface.
603.02,606.06,"Anonymous messages urged Miranda to cease her inquiries,"
606.34,608.98,implying that some truths were too dangerous to expose
608.98,610.6,and would come at a dire cost.
611.32,613.6,"One night, her office was ransacked,"
613.86,615.32,leaving behind a blood red note.
616.16,618.72,Silence the truth or it will silence you.
619.9,622.44,The chilling threat underscored the peril of her quest
622.44,624.6,and steeled her resolve further.
625.36,627.22,With every piece of evidence now in hand
627.22,628.62,"and the journalist at her side,"
629.04,631.16,Miranda prepared for the ultimate confrontation.
632.02,634.48,The Secret Society's intricate web of lies
634.48,637.4,was about to unravel in the harsh light of justice.
638.04,640.08,"In the final reckoning, beneath the glare"
640.08,643.04,"of public scrutiny, the hidden cabal was exposed."
643.34,645.94,The dignitary and his cohorts were held accountable.
646.54,648.1,"Though scarred by the ordeal,"
648.34,650.98,"Miranda emerged as a steadfast guardian of truth,"
650.98,654.46,her legacy forever etched in the whispers of mystery.
